time,x,y,z
0.0,0.0,0.0,0.0
0.01,0.5020954700712901,0.383841409895931,0.4292108785533933
0.02,0.9791698064997105,0.7520694285417795,0.8436599885149996
0.03,1.4339415783008556,1.1054020483634222,1.2449802474516154
0.04,1.8675544456595532,1.4458624900662427,1.6340027272316457
0.05,2.282813381682506,1.7727227951839446,2.0111265264979816
0.060000000000000005,2.6799573235771446,2.0867540752544724,2.3779451089931145
0.07,3.06084049961914,2.390434047614555,2.7343482178780087
0.08,3.4268972793352552,2.6841804534793163,3.0812237999213252
0.09,3.78033086780787,2.968392676855704,3.419362407178308
0.09999999999999999,4.121769776183746,3.24361738569136,3.7496492249402085
0.10999999999999999,4.450815609990388,3.5102088144157926,4.072670504294014
0.11999999999999998,4.768688896761469,3.7684055982885045,4.388407332878413
0.12999999999999998,5.076717893909622,4.019251412177817,4.697098183794857
0.13999999999999999,5.3747085326750135,4.263414102691581,4.998758970621788
0.15,5.663142038912017,4.500667756286579,5.294231195353584
0.16,5.944389379177715,4.7314338704811085,5.583317088178627
0.17,6.217371133938431,4.955429845091921,5.865841653502768
0.18000000000000002,6.482233789710843,5.173085736160068,6.143290763545334
0.19000000000000003,6.7407483919495315,5.384749661410308,6.416079859001265
0.20000000000000004,6.992160413995803,5.590926548826817,6.684418006631406
0.21000000000000005,7.2384393688535695,5.791754069519572,6.948193424467871
0.22000000000000006,7.479159565318241,5.987904351117565,7.207319732100286
0.23000000000000007,7.714178328832366,6.178901661618355,7.46246069314336
0.24000000000000007,7.944048736389536,6.364930795666619,7.712909183590074
0.25000000000000006,8.168682854191267,6.546297923771786,7.959987919178763
0.26000000000000006,8.388664471207965,6.724232708741838,8.203354475179001
0.2700000000000001,8.604014148699092,6.898095912190992,8.442262751334507
0.2800000000000001,8.814653920486762,7.068576303766147,8.676860301848052
0.2900000000000001,9.020840072446896,7.235660914885788,8.907994772274238
0.3000000000000001,9.222949888209419,7.398936810367289,9.136164958816636
0.3100000000000001,9.421608915534014,7.5584547683852765,9.360928456425581
0.3200000000000001,9.616840673998034,7.715095341574596,9.58212448744332
0.3300000000000001,9.808569069351392,7.869102040689887,9.800616332003663
0.34000000000000014,9.996143994353552,8.019960997784082,10.015762421476515
0.35000000000000014,10.179308909409455,8.168021178672822,10.228161055286662
0.36000000000000015,10.359501885098165,8.313013628031328,10.437963279667715
0.37000000000000016,10.535636213234895,8.455294825094997,10.645050910401734
0.38000000000000017,10.708680605225087,8.594399418144562,10.84993322754306
0.3900000000000002,10.878632796406762,8.729687753199121,11.05220515357081
0.4000000000000002,11.046418258312851,8.862503402662691,11.251556117730633
0.4100000000000002,11.211139157009166,8.992375392000909,11.448874515746628
0.4200000000000002,11.373136085510469,9.119375875942737,11.644149122518662
0.4300000000000002,11.53260682980199,9.24387410890481,11.837787835802954
0.4400000000000002,11.68917861153082,9.365858171036786,12.029387321300902
0.45000000000000023,11.842963513561116,9.485440767086152,12.219785723412059
0.46000000000000024,11.995069778576374,9.601787444559442,12.408285755458389
0.47000000000000025,12.145013362770632,9.715719697860962,12.594487187791593
0.48000000000000026,12.292433215837091,9.82642022013961,12.778167673132057
0.49000000000000027,12.438387953855555,9.935304202249347,12.959511878068582
0.5000000000000002,12.583131647483837,10.042867786500521,13.139389151758241
0.5100000000000002,12.72588428495607,10.148635242153274,13.317964430592882
0.5200000000000002,12.866120500921134,10.25131568626538,13.49550307356901
0.5300000000000002,13.004286966887909,10.35294823136207,13.671986801858226
0.5400000000000003,13.141301933126348,10.452793716789529,13.84673645733347
0.5500000000000003,13.275889783476869,10.550942697430232,14.019693744470077
0.5600000000000003,13.408132043481706,10.647664939310342,14.191122817399027
0.5700000000000003,13.538216917599556,10.743136049796219,14.360612548035546
0.5800000000000003,13.666018411055433,10.836662744886887,14.528866281686602
0.5900000000000003,13.792586477540093,10.927981484301897,14.695447813816733
0.6000000000000003,13.917573175822339,11.018165145756214,14.860969491459372
0.6100000000000003,14.041351211772529,11.106857034726747,15.025327464512625
0.6200000000000003,14.163497374733419,11.192885913552502,15.188806814545845
0.6300000000000003,14.285478874639944,11.277089043412671,15.349883635668487
0.6400000000000003,14.405728366404878,11.360182303637592,15.509545283248972
0.6500000000000004,14.525565823436786,11.44139561490309,15.66767117606409
0.6600000000000004,14.644733838428618,11.521725279599114,15.824555651399443
0.6700000000000004,14.763725255912423,11.600093225000814,15.980756913234764
0.6800000000000004,14.88118543531638,11.677061208657843,16.134742909398614
0.6900000000000004,14.997227501514978,11.752689828026496,16.28715818842646
0.7000000000000004,15.111115670308875,11.826732448540037,16.43929500910723
0.7100000000000004,15.223498228122082,11.89887036261806,16.58990120794597
0.7200000000000004,15.334520861411823,11.969950152680473,16.739550103641882
0.7300000000000004,15.443620247154843,12.039624372088545,16.888357437483272
0.7400000000000004,15.55102836756299,12.108298539877127,17.036419672820294
0.7500000000000004,15.656765149116122,12.175317343041813,17.183569554500217
0.7600000000000005,15.761450518882882,12.241423609738453,17.32899070634538
0.7700000000000005,15.864820134186033,12.306336528216875,17.47478246447227
0.7800000000000005,15.967365283410977,12.369206920077238,17.61928962269808
0.7900000000000005,16.06901761730255,12.43113972643292,17.762344494553165
0.8000000000000005,16.169761765333483,12.49155095257825,17.904643122094523
0.8100000000000005,16.269406394036967,12.550905422453173,18.045558980161786
0.8200000000000005,16.368485304217053,12.608746175347672,18.18534592613635
0.8300000000000005,16.46650316321007,12.665020868608835,18.324489848917377
0.8400000000000005,16.56348480340998,12.719330064696496,18.462850606900375
0.8500000000000005,16.65819478360856,12.77279582618628,18.600311592584795
0.8600000000000005,16.751569192810695,12.825041282531172,18.737814801172185
0.8700000000000006,16.843213437728938,12.876394786967824,18.87358286530362
0.8800000000000006,16.933926334233444,12.926244636416888,19.009229501731454
0.8900000000000006,17.024082429551765,12.974229570480084,19.143585908315778
0.9000000000000006,17.113719060574038,13.020125726484373,19.277310031911824
0.9100000000000006,17.203088090004446,13.065008581721505,19.410309078169274
0.9200000000000006,17.29119845465319,13.10762531154196,19.542226482768655
0.9300000000000006,17.379009370887363,13.149562209382664,19.673255877807396
0.9400000000000006,17.466359782787503,13.190619279775717,19.803109289298174
0.9500000000000006,17.552505473883212,13.230991364173782,19.933350333291592
0.9600000000000006,17.637957282956812,13.27036546847776,20.063077039903938
0.9700000000000006,17.722877566410496,13.309076023882866,20.191515271628013
0.9800000000000006,17.80682478978089,13.346779671668394,20.318857661410068
0.9900000000000007,17.89067430725422,13.384313085638151,20.44589926617114
1.0000000000000007,17.974255306198003,13.420567133433922,20.572673028884115
1.0100000000000007,18.05739441593373,13.455199864249382,20.698529586708233
1.0200000000000007,18.13975784361799,13.48922484508132,20.82415264872167
1.0300000000000007,18.221666626061957,13.522399919420181,20.94967886351773
1.0400000000000007,18.302647636083368,13.554451590328293,21.074997645970114
1.0500000000000007,18.38276205029223,13.585650952785498,21.199994397624128
1.0600000000000007,18.46159475366155,13.615947578919299,21.32520092168582
1.0700000000000007,18.54015285020303,13.64504748837973,21.449636866392016
1.0800000000000007,18.617436318499305,13.672231199682733,21.57392729137897
1.0900000000000007,18.69418706037489,13.698244189058046,21.698006500796602
1.1000000000000008,18.770671235061915,13.723219441076813,21.820886016681076
1.1100000000000008,18.846910743285356,13.746554513220808,21.943276942114
1.1200000000000008,18.92329642955081,13.768563783415319,22.064948746673714
1.1300000000000008,18.99929802318568,13.78974278171305,22.186329344235627
1.1400000000000008,19.074749149293158,13.810436181025798,22.3076898273316
1.1500000000000008,19.1492370279629,13.829495831524321,22.428530505920417
1.1600000000000008,19.222471097479193,13.84798629904847,22.548456773702124
1.1700000000000008,19.29510571163381,13.86600618229636,22.668183643466858
1.1800000000000008,19.368001188106145,13.882691591711398,22.78813713719135
1.1900000000000008,19.440509453971497,13.896893180569021,22.906964377864625
1.2000000000000008,19.51271552733074,13.909066505598123,23.024449908911286
1.2100000000000009,19.584135490721557,13.920291111590029,23.141411973635513
1.2200000000000009,19.65447178279321,13.930322043872811,23.25727466247135
1.2300000000000009,19.723785034416277,13.939420810761984,23.37222144507757
1.2400000000000009,19.79345790678293,13.94731112460144,23.486382896612263
1.2500000000000009,19.86275556687911,13.954750204130521,23.60048533184957
1.260000000000001,19.931765094927147,13.961902295055637,23.71372890368291
1.270000000000001,20.00033862550563,13.967762159314532,23.82567705467586
1.280000000000001,20.068233852928486,13.971396183839703,23.936394985252612
1.290000000000001,20.13543114572171,13.97408505937579,24.047604149264792
1.300000000000001,20.20264305702206,13.974905323412045,24.15836760384604
1.310000000000001,20.269915691885405,13.97469857816894,24.26840984885525
1.320000000000001,20.337314338700207,13.973784341605308,24.378666575010644
1.330000000000001,20.4044870438162,13.97217873798102,24.48854471142341
1.340000000000001,20.470757362061207,13.96973435989126,24.597791742564976
1.350000000000001,20.53771495028962,13.966374124293306,24.706654073104108
1.360000000000001,20.603340128342683,13.961850129996558,24.814908294292508
1.370000000000001,20.669210006386706,13.955920684821509,24.923189294905107
1.380000000000001,20.733529124219018,13.948743988012275,25.03079947117692
1.390000000000001,20.79866925303358,13.940968533905103,25.13748316011837
1.400000000000001,20.863812411773367,13.931856454822567,25.243462077855607
1.410000000000001,20.928640322730722,13.921573614911198,25.349679084990164
1.420000000000001,20.9935238152049,13.910589886879334,25.456198649331267
1.430000000000001,21.057630115243356,13.898214050762547,25.562650449337557
1.440000000000001,21.120641427417013,13.885584064694148,25.66889681363125
1.450000000000001,21.18276513838827,13.872352149255955,25.775122162795963
1.460000000000001,21.24481275607103,13.858674255115336,25.8813407921501
1.470000000000001,21.306873277608645,13.843192206697298,25.987539980094468
1.480000000000001,21.367187350099197,13.827289044997137,26.093039342584845
1.490000000000001,21.427510596682566,13.81084392588371,26.19813843655376
1.500000000000001,21.487810179341963,13.793757747720218,26.303638086562188
1.5100000000000011,21.548046252610177,13.775819666985427,26.409410161048665
1.5200000000000011,21.608120772659298,13.757333870737037,26.514126520766247
1.5300000000000011,21.66816616058411,13.737663705976834,26.6184098297751
1.5400000000000011,21.728641702600154,13.716991403054315,26.723982986794894
1.5500000000000012,21.789008769184143,13.695997899087619,26.828912745322995
1.5600000000000012,21.848304005104122,13.674860911765366,26.93304112498486
1.5700000000000012,21.90711044174087,13.652956651907754,27.03752306058785
1.5800000000000012,21.965420527267245,13.629948934892376,27.141931355665466
1.5900000000000012,22.02249922752536,13.60656302361878,27.24646388837875
1.6000000000000012,22.079120408816486,13.58198896760231,27.35158519344945
1.6100000000000012,22.135209778444253,13.55517415503826,27.456922878882274
1.6200000000000012,22.191669249246132,13.526609682018242,27.561861946581363
1.6300000000000012,22.2480312282009,13.496620478389604,27.666614003027938
1.6400000000000012,22.30360077816391,13.466386481646142,27.77205292664943
1.6500000000000012,22.359739523991887,13.435984813534112,27.876687956356637
1.6600000000000013,22.416050746154383,13.404722909691271,27.98092368753771
1.6700000000000013,22.47206680842032,13.372700655954674,28.084444144374533
1.6800000000000013,22.52802295024081,13.339806899298678,28.187738826305548
1.6900000000000013,22.58320301224931,13.306214598660524,28.29111276624611
1.7000000000000013,22.637895782475344,13.271381073138873,28.394835013948377
1.7100000000000013,22.69138419111066,13.235806385384437,28.4986982831275
1.7200000000000013,22.74466276080857,13.198766368153523,28.60258265412413
1.7300000000000013,22.79756895481299,13.161349961049908,28.70598489000596
1.7400000000000013,22.850094089776288,13.123498375470962,28.809298371563166
1.7500000000000013,22.90195984489518,13.08496841028282,28.912612093067384
1.7600000000000013,22.95437191288384,13.045842897151623,29.01602881672333
1.7700000000000014,23.006058914079155,13.00503275064935,29.11836327622684
1.7800000000000014,23.058397801908416,12.963206028622315,29.21920090435018
1.7900000000000014,23.11110352126514,12.920286810122938,29.318852488521546
1.8000000000000014,23.16434967647752,12.876735740005087,29.417961488120305
1.8100000000000014,23.217228721810788,12.832117818195298,29.51727154881956
1.8200000000000014,23.269276473465865,12.786303277157574,29.616412923688756
1.8300000000000014,23.32050233997134,12.739321970566264,29.71513514850892
1.8400000000000014,23.37126252575573,12.690734557398471,29.813337894277538
1.8500000000000014,23.42291136860344,12.641496294890601,29.91076709485327
1.8600000000000014,23.473422887528532,12.591098458026131,30.007261342203872
1.8700000000000014,23.523485492908648,12.539827186609795,30.103215065840917
1.8800000000000014,23.573468061131436,12.488877787686073,30.19949170510483
1.8900000000000015,23.62290432672603,12.437127046553146,30.29591053908488
1.9000000000000015,23.67234893618935,12.384122068581876,30.39115360497435
1.9100000000000015,23.720699201187593,12.329287105507388,30.485843267622517
1.9200000000000015,23.76914355970608,12.273441728847365,30.581038676560443
1.9300000000000015,23.817238235189055,12.216862852273875,30.675999938794185
1.9400000000000015,23.864459718938114,12.15975795180912,30.771489414773114
1.9500000000000015,23.911252649326016,12.101110646339942,30.866690169276517
1.9600000000000015,23.95752207965104,12.04097888901069,30.961590967667625
1.9700000000000015,24.003651156371962,11.980070871702878,31.057751972950317
1.9800000000000015,24.04876536988347,11.91875307145462,31.153728386911876
1.9900000000000015,24.09421372157512,11.855749521283258,31.248737759955905
2.0000000000000013,24.140165850752787,11.791125912110202,31.343606956602443
2.010000000000001,24.18637741592858,11.724774558958906,31.437149107840714
2.020000000000001,24.232296757980947,11.656948400066941,31.529817992558296
2.0300000000000007,24.277790008139053,11.588478049029392,31.62226955967317
2.0400000000000005,24.322995262975702,11.519202150752175,31.71464928209635
2.0500000000000003,24.368545988260824,11.44869362424401,31.807438230461493
2.06,24.41390460194456,11.377541244713328,31.900079812214624
2.07,24.458432744233185,11.304496016225114,31.992379407223062
2.0799999999999996,24.502485403959444,11.231068126270983,32.0838755444422
2.0899999999999994,24.546830885453115,11.156612225211157,32.17487630592481
2.099999999999999,24.5913853955619,11.08091570954688,32.26557421102977
2.109999999999999,24.636329563917435,11.003803470020177,32.356270183716624
2.1199999999999988,24.68086882825326,10.924376353806135,32.44651327849004
2.1299999999999986,24.725440818523914,10.84286816059063,32.536329978784266
2.1399999999999983,24.7699793913606,10.759929973570038,32.626468049095244
2.149999999999998,24.81425566670726,10.675008121902351,32.71644144869429
2.159999999999998,24.858195772600588,10.589364857985034,32.80558236663506
2.1699999999999977,24.902002508270638,10.50133653123538,32.89461552846425
2.1799999999999975,24.94484955988246,10.41150576636159,32.982831948345975
2.1899999999999973,24.986820191821664,10.31979183829489,33.071216401898454
2.199999999999997,25.02832024249835,10.226640159689449,33.160881285332195
2.209999999999997,25.06844287677899,10.131037132172734,33.249738606166744
2.2199999999999966,25.107981140064044,10.03331317150017,33.33911972385935
2.2299999999999964,25.147147347456656,9.933050536624172,33.4287605646221
2.239999999999996,25.18534230956652,9.830486254732724,33.51834742139899
2.249999999999996,25.223206159135415,9.726364813565473,33.606990713782636
2.259999999999996,25.260298381261965,9.618785911522899,33.69541120277462
2.2699999999999956,25.296282228716894,9.50921634715187,33.78366551845435
2.2799999999999954,25.33170276646675,9.397406888941694,33.8719988920145
2.289999999999995,25.366991469455677,9.28376424566736,33.961121470301286
2.299999999999995,25.401627916967463,9.168340266075592,34.050735672856206
2.3099999999999947,25.436260941469005,9.050599111437284,34.14055318463906
2.3199999999999945,25.47036754682607,8.930766944512184,34.229825439360184
2.3299999999999943,25.504052335551656,8.807898641485517,34.31950363672273
2.339999999999994,25.53826446295394,8.681805673296473,34.40917227064575
2.349999999999994,25.573136584050413,8.55289626880276,34.49914966744648
2.3599999999999937,25.607569273161058,8.421603099185427,34.589240869977274
2.3699999999999934,25.64222870925098,8.28772544504556,34.678651582065505
2.3799999999999932,25.67672935637245,8.151787116703478,34.76801789903835
2.389999999999993,25.710676161985813,8.013517401661385,34.85748742281066
2.399999999999993,25.743998615111032,7.872716741970347,34.94597926765218
2.4099999999999926,25.777750567040634,7.730119450200729,35.03365502061641
2.4199999999999924,25.81148571052671,7.584657774470502,35.12130693383168
2.429999999999992,25.846439819735608,7.437287561745794,35.20821703294723
2.439999999999992,25.88113620138174,7.287059997055502,35.29522045325844
2.4499999999999917,25.91622387403118,7.133991384635151,35.381671478032075
2.4599999999999915,25.950338567277033,6.9780895943909345,35.467711276233246
2.4699999999999913,25.98474849093938,6.818544922649887,35.553181166187976
2.479999999999991,26.01924501975961,6.654949380522976,35.6386646412766
2.489999999999991,26.054626326756534,6.486981167141368,35.723685386665196
2.4999999999999907,26.08943452152178,6.314875587595009,35.80844477205764
2.5099999999999905,26.1242414428284,6.138013811527908,35.89261100344805
2.5199999999999902,26.159179330914196,5.957335914014044,35.977189418712754
2.52999999999999,26.194599762397644,5.773474874646659,36.06172982457146
2.53999999999999,26.230972436013523,5.5844551856841385,36.14539571148553
2.5499999999999896,26.26668223934635,5.391992306193744,36.22934871442456
2.5599999999999894,26.302722867414605,5.195117883380104,36.31319486727331
2.569999999999989,26.338318895819963,4.993525922190475,36.39735151342246
2.579999999999989,26.373227294415976,4.78684718801744,36.4822801144196
2.5899999999999888,26.40671707902392,4.573612153285783,36.566685872525255
2.5999999999999885,26.44053502949067,4.355102643883,36.65095170254487
2.6099999999999883,26.474245089305118,4.13156691781024,36.73534931031357
2.619999999999988,26.50859308982503,3.900841061303241,36.81954376177059
2.629999999999988,26.54240890447776,3.6630645926669945,36.903995017001066
2.6399999999999877,26.575943855986434,3.4183865892710394,36.98846228095846
2.6499999999999875,26.60967859789649,3.1663687290441,37.07218098679871
2.6599999999999873,26.642643737454176,2.9069151360648533,37.155582210748705
2.669999999999987,26.674505791068732,2.639909179169589,37.23867610635824
2.679999999999987,26.706401410577712,2.364953248637334,37.3226595127995
2.6899999999999866,26.737181208017518,2.081351483258028,37.406636704901224
2.6999999999999864,26.769292760916944,1.7884344307231381,37.49145336572872
2.709999999999986,26.801639742191735,1.48614084689635,37.575842640587304
2.719999999999986,26.833034200286036,1.1749915429440638,37.659588630150296
2.7299999999999858,26.865261765381454,0.8526895190924566,37.742503385354446
2.7399999999999856,26.897347253085428,0.5187043737262539,37.82557679941895
2.7499999999999853,26.929226637141248,0.17233413519999502,37.908193312269006
2.759999999999985,26.961071278704868,-0.1877037303280607,37.99053218204907
